1;
Изучаются флуктуации населенности джозефсоновского кубита в переменном поле, которое представляет собой суперпозицию электромагнитных импульсов большой амплитуды.;2 Problem
Показано, что относительная фаза импульсов ответственна за темп переходов Ландау-Зинера и, соответственно, за частоту переходов между адиабатическими состояниями.;42 Results-Reference
Длительности импульсов, поступающих на кубит, контролируются с точностью до периода поля, что приводит к сильным мезоскопическим флуктуациям населенности кубита.;41 Results-Specific
При этом относительная фаза импульсов подобно магнитному полю в мезоскопике может разрушать интерференционную картину населенности кубита.;42 Results-Reference
Изучено влияние длительности импульса и шума на обнаруженные флуктуационные эффекты.;42 Results-Reference
2;
Получено приближенное выражение для евклидовой функции Грина безмассового скалярного поля в пространстве-времени многомерного глобального монополя.;42 Results-Reference
Методом размерной регуляризации получены выражения для вакуумных средних {\langle \phi ^{2} \rangle }_{ren} и { \langle T_{00} \rangle }_{ren}.;31 Method-Specific, 41 Results-Specific
Проводится сравнение с результатами, полученными с использованием альтернативных методов регуляризации.;42 Results-Reference
3;
На тонкой платиновой проволочке, разогреваемой импульсом тока, в волне растяжения, формируемой отражением импульса сжатия от границы раздела жидкость-пар, исследована кинетика спонтанной кавитации в жидком азоте при положительных и отрицательных давлениях.;2 Problem, 32 Method-Procedure
В опытах определены предельные растягивающие напряжения (Δ p=ps-p, где ps - давление насыщения), соответствующие им частоты зародышеобразования J (1020-1022 с\T2A\textendash 1• м\T2A\textendash 3) и скорость нарастания частоты зародышеобразования с температурой G_T=d\ln J/dT.;41 Results-Specific
При температуре T=90 К предельное растяжение Δ p составило 8.3 МПа, что на 4.9 МПа меньше, чем соответствующее границе термодинамической устойчивости жидкой фазы - спинодали.;41 Results-Specific
Результаты измерений сопоставлены с теорией гомогенного зародышеобразования без учета зависимости поверхностного натяжения критических пузырьков от их размера и с учетом этой зависимости.;32 Method-Procedure
В последнем случае для описания свойств зародышей новой фазы использована теория капиллярности Ван дер Ваальса.;31 Method-Specific
Отмечено хорошее согласие результатов эксперимента и теории, когда в последней учитывался «размерный эффект».;42 Results-Reference
4;
Динамика решетки ряда гексаборидов редкоземельных элементов исследована на основе модели суператома, в рамках которой борный октаэдр заменяется на один суператом с массой, равной массе шести атомов бора.;2 Problem, 32 Method-Procedure
Для акустических и низкоэнергетических оптических фононных мод в соединениях RB6 (R = La, Gd, Tb, Dy) построены феноменологические модели.;42 Results-Reference
На примере DyB6 изучен эффект аномального смягчения продольных акустических фононов в нескольких кристаллографических направлениях, характерный также для GdB6 и TbB6.;42 Results-Reference
Показано, что смягчение акустических ветвей достигается за счет введения отрицательных констант силового межатомного взаимодействия между редкоземельными ионами.;42 Results-Reference
Обсуждаются структурная неустойчивость гексаборидов на основе 4f-элементов, роль валентной нестабильности в динамике решетки, влияние числа f-электронов на степень смягчения фононных мод.;42 Results-Reference
5;
Аналитическими методами исследуется электропроводность модели структурно анизотропного композита, представляющей собой изотропную матрицу с включениями дискообразной формы (сплюснутые сфероиды).;2 Problem, 32 Method-Procedure
Диски одинаково ориентированы,  а их центры хаотически распределены в объеме композита. ;Unknown
Рассмотрены случаи  диэлектрических и идеально проводящих включений.;42 Results-Reference
Для описания проводимости модели в широком диапазоне изменения концентрации используется приближенный метод эффективной среды.;31 Method-Specific
Проводимость в критической области (окрестности точки фазового перехода металл-диэлектрик) исследуется в рамках гипотезы подобия.;31 Method-Specific
6;
Проводится исследование времени установления стационарного распределения по поступательным степеням свободы двухуровневых атомов в поле одномерной стоячей световой волны.;2 Problem
Получены зависимости этого времени от параметров задачи: интенсивности световой волны, отстройки и массы атома.;42 Results-Reference
Расчеты проведены на основе квантового кинетического уравнения для атомной матрицы плотности с полным учетом эффектов отдачи и пространственной локализации в световом поле произвольной интенсивности;32 Method-Procedure
7;
В рамках модели синус-Гордон дан анализ строения и свойств пульсирующих солитонов (бризеров) в спиральных структурах магнетиков.;2 Problem
Показано, что пульсации ядра бризера сопровождаются локальными сдвигами и колебаниями спиральной структуры с образованием «предвестников» и «хвостов» у движущегося солитона.;42 Results-Reference
Обсуждаются возможности наблюдения и возбуждения бризеров в спиральных структурах магнетиков и мультиферроиков.;42 Results-Reference
8;
Рассматриваются вращающиеся магнитогидродинамические течения тонкого слоя астрофизической и космической плазмы со свободной границей в вертикальном внешнем магнитном поле.;2 Problem
Используется приближение мелкой воды.;32 Method-Procedure
Наличие вертикального внешнего магнитного поля существенно изменяет динамику волновых процессов в астрофизической плазме в отличие от нейтральной жидкости и слоя плазмы во внешнем тороидальном магнитном поле.;1 Background
В рассматриваемом случае имеют место трехволновые нелинейные взаимодействия.;41 Results-Specific
Асимптотическим методом многомасштабных разложений выведены нелинейные уравнения взаимодействия волновых пакетов: трех волн магнито-Пуанкаре, трех магнитострофических волн, двух волн магнито-Пуанкаре и одной магнитострофической волны, а также двух магнитострофических и одной магнито-Пуанкаре волн.;31 Method-Specific, 42 Results-Reference
Предсказано существование распадных неустойчивостей и явлений параметрического усиления.;42 Results-Reference
Показано, что волна магнито-Пуанкаре распадается на две волны магнито-Пуанкаре, магнитострофическая волна распадается на две магнитострофические волны, волна магнито-Пуанкаре распадается на одну волну магнито-Пуанкаре и одну магнитострофическую, магнитострофическая волна распадается на одну магнитострофическую и одну волну магнито-Пуанкаре.;41 Results-Specific
Имеются следующие механизмы параметрического усиления: параметрическое усиление волн магнито-Пуанкаре, параметрическое усиление магнитострофических волн, а также усиление волны магнито-Пуанкаре в поле магнитострофической и усиление магнитострофической волны в поле волны магнито-Пуанкаре.;42 Results-Reference
Найдены инкременты неустойчивостей и коэффициенты параметрического усиления для соответствующих процессов;42 Results-Reference
9;
Приведены результаты экспериментов по исследованию откольного разрушения и выброса частиц с поверхности медных и свинцовых образцов.;42 Results-Reference
С помощью лазерного интерферометрического метода регистрировались скорость облака частиц и параметры множественного откола.;31 Method-Specific
Использование угловых датчиков позволило зарегистрировать дисперсию скорости облака частиц по всей глубине и структуру откольного разрушения металлов.;32 Method-Procedure, 42 Results-Reference
10;
Приведен краткий обзор теоретических работ по поверхностным состояниям в дираковских материалах.;42 Results-Reference
В рамках формализма огибающих волновых функций и граничных условий для них сформулирована минимальная модель, аналитически описывающая поверхностные и краевые состояния разного типа, топологического и нетопологического, в нескольких системах с дираковскими фермионами.;42 Results-Reference
Обсуждены условия ее применимости.;42 Results-Reference
11;
В монокристаллах свинца обнаружен переход в поверхностное сверхпроводящее состояние при температуре примерно на 0.25 мК выше критической температуры объемного перехода.;42 Results-Reference
Исследована фазовая (H,T)-диаграмма этого состояния.;42 Results-Reference
12;
Изучено поведение межслоевого сопротивления и магнитосопротивления в квазидвумерном двухслойном органическом металле θ -(BETS)4HgBr4(C6H5Cl) при нормальном давлении и при гидростатическом давлении 10 кбар.;42 Results-Reference
Установлено, что при атмосферном давлении межслоевой транспорт осуществляется в некогерентном режиме.;42 Results-Reference
Приложение давления не меняет электронной структуры проводящих слоев, но вызывает переход к слабонекогерентному режиму при низких температурах.;42 Results-Reference
13;
Рассмотрена нелинейная лазерная спектроскопия в схеме двух коллинеарных волн с произвольными эллиптическими поляризациями.;42 Results-Reference
Акцент сделан на исследование нелинейных поправок в спектре поглощения одной из волн.;32 Method-Procedure
Показано, что спонтанный перенос низкочастотной зеемановской когерентности влияет на знак сверхузкого резонанса.;42 Results-Reference
Для замкнутого перехода получено, что направление резонансного контура зависит только от моментов Fe, Fg.;42 Results-Reference
На основе этого получена классификация для различных переходов по направлению сверхузкого резонансного контура.;42 Results-Reference
14;
Рассмотрено резонансное рождение электрон-позитронной пары двумя поляризованными фотонами на произвольные низкие уровни Ландау.;42 Results-Reference
Резонанс имеет место, когда энергия одного из фотонов превышает порог однофононного рождения, а энергия второго кратна расстоянию между уровнями.;42 Results-Reference
Найдено сечение процесса с учетом спинов частиц.;42 Results-Reference
Сечение будет наибольшим по порядку величины, если магнитные моменты частиц ориентированы вдоль магнитного поля.;51 Conclusions-Explanation
15;
В рамках квазиклассического подхода проведено полное исследование солитонных состояний, локализованных у плоского дефекта (дефектного слоя), обладающего нелинейными свойствами, при разных знаках нелинейности среды и разном характере взаимодействия элементарных возбуждений среды с дефектом.;42 Results-Reference
Дана квантовая интерпретация этих нелинейных локализованных мод как связанного состояния большого числа элементарных возбуждений.;42 Results-Reference
Определены области существования и исследованы свойства таких состояний в зависимости от характера взаимодействия элементарных возбуждений между собой и с дефектом.;42 Results-Reference
Аналитически проведено полное исследование устойчивости всех найденных локализованных состояний относительно малых возмущений амплитуды и фазы, и найдена частота малых колебаний локализованного на дефекте состояния.;42 Results-Reference
16;
Цель работы - определить величину магнитоемкости при замещении висмута лантаном в тонких пленках Lax Bi1-x FeO3 и выяснить влияние внешнего электрического поля смещения на магнитоемкостный эффект.;2 Problem
Для этого на пленках Lax Bi1-x FeO3 проведены измерения диэлектрической и магнитной проницаемостей, тангенса угла потерь в области температур 100 К3.;32 Method-Procedure
Обнаружено гигантское усиление магнитоемкости во внешнем электрическом поле смещения. ;42 Results-Reference
Эти эффекты объясняются перестройкой доменной структуры.;51 Conclusions-Explanation
17;
Анализируется насыщение низкопороговой параметрической распадной неустойчивости электронной циклотронной волны необыкновенной поляризации, в результате развития которой в окрестности локального максимума профиля плотности плазмы возбуждаются два верхнегибридных плазмона на частотах, близких к половине частоты волны накачки.;2 Problem
В качестве механизма насыщения этой неустойчивости используется каскадный распад дочерних верхнегибридных волн, приводящий к возбуждению вторичных верхнегибридных и нижнегибридных волн, также радиально локализованных в окрестностях соответственно локальных максимума и минимума профиля плотности плазмы.;32 Method-Procedure
18;
Продемонстрировано вторичное лазерное охлаждение облака атомов стронция- 88 на интеркомбинационном переходе 1S0-3P1 (689 нм), захваченных в магнито-оптическую ловушку.;32 Method-Procedure, 42 Results-Reference
Детально охарактеризован процесс перезахвата атомов из первичной ловушки, работающей на сильном переходе 1S0-1P1 (461 нм), определены коэффициент перезахвата κ, число атомов и их температура во вторичной ловушке в зависимости от параметров эксперимента.;42 Results-Reference
Во вторичной ловушке достигнута температура 2 мкК при коэффициенте перезахвата κ=6 %, что подтверждает эффективность процесса вторичного охлаждения и достаточно для выполнения метрологических измерений часового перехода 1S0-3P1 (698 нм) в оптической решетке.;42 Results-Reference
19;
Рассматривается магнитогидродинамическая теория сферически-симметричной аккреции идеальной жидкости на черную дыру Шварцшильда с ультражестким  уравнением состояния p=\mu\sim\rho^2, где p - давление, μ - суммарная плотность энергии, ρ - плотность жидкости.;2 Problem
Выписывается приближенное аналитическое решение.;42 Results-Reference
Показано, что для вырожденного ультражесткого уравнения состояния вещества вместо двух критических поверхностей (быстрой и медленной магнитозвуковых поверхностей) образуется одна критическая звуковая поверхность, которая совпадает с горизонтом событий черной дыры.;42 Results-Reference
20;
Представлены результаты теоретического исследования структурных и энергетических характеристик междоузельного молекулярного водорода в монокристаллическом кремнии.;42 Results-Reference
Исследована зависимость потенциальной энергии системы от положения и ориентации дефекта внедрения, рассмотрен механизм взаимодействия молекулы с кристаллом.;42 Results-Reference
В рамках трехмерной модели рассчитан энергетический спектр H2 в Si, проведен анализ полученного закона дисперсии.;42 Results-Reference
21;
На основе полученной экспериментально структуры магнитной фазы оксида PrMn2 O5 в температурном интервале от 18 К до 25 К найдено, что переход в эту фазу должен аналитически описываться с помощью двухкомпонентного параметра порядка, а эффективный гамильтониан системы должен содержать два независимых инварианта четвертой степени по компонентам этого параметра.;52 Conclusions-Specific
С использованием известных из литературы результатов ренормгруппового анализа фазовых переходов с этим эффективным гамильтонианом установлено, что реализуется переход второго рода.;52 Conclusions-Specific
Показано, что в появляющейся в результате этого перехода соизмеримой антиферромагнитной фазе отсутствует электрическая поляризация, поскольку ее появление запрещено симметрией системы.;52 Conclusions-Specific
22;
Проведены прецизионные измерения электросопротивления, термоэдс и объема TmS, TmSe и TmTe при гидростатическом давлении до 8 ГПа.;42 Results-Reference
Сравнение поведения транспортных свойств и объема TmTe и SmTe в области валентного перехода демонстрирует полную аналогию, вплоть до количественного совпадения.;42 Results-Reference
Показано, что термоэдс всех халькогенидов тулия и самария и в области коллапса решетки, и при последующей перестройке электронного спектра в широком диапазоне давлений подчиняются единой универсальной зависимости, соответствующей прохождению уровня Ферми через пик плотности состояний.;42 Results-Reference
Результаты обсуждаются в рамках представлений об экситонной природе промежуточной валентности в халькогенидах редкоземельных металлов.;51 Conclusions-Explanation
23;
Приведен вывод интеграла столкновений в кинетическом уравнении для разреженного спин-поляризованного газа фермионов (электронов).;42 Results-Reference
Учитываются столкновения между этими фермионами и столкновения с гораздо более тяжелыми частицами (ионами), образующими случайно расположенный неподвижный фон (газ).;42 Results-Reference
Важным новым обстоятельством является то, что амплитуда рассеяния частиц друг на друге не предполагается малой, которую можно было бы получить, например, в первом борновском приближении.;53 Conclusions-Reference
Полученный нами интеграл столкновений можно использовать в кинетическом уравнении, в том числе и для относительно холодной разреженной спин-поляризованной плазмы с характерной энергией электронов, меньшей α2 me c2, где α - постоянная тонкой структуры.;52 Conclusions-Specific
24;
Развита динамическая теория когерентного рентгеновского излучения, генерируемого в монокристаллической пластине расходящимся пучком релятивистских электронов.;42 Results-Reference
Исследована зависимость спектрально-угловой плотности когерентного рентгеновского излучения от угла расходимости электронного пучка для случая, когда угловой разброс описывается двумерным распределением Гаусса.;42 Results-Reference
Построенная теория позволяет проводить расчеты когерентного излучения и для произвольного углового распределения электронов в пучке.;51 Conclusions-Explanation
25;
Рассмотрены характерные и отличительные особенности амплитуды функции видности интерферометрических наблюдений у компактных объектов типа звезд в ближайшей окрестности центральной черной дыры в нашей галактике.;42 Results-Reference
Эти особенности связаны со спецификой сильного гравитационного рассеяния точечных источников черными дырами, кротовыми норами или черно-белыми дырами.;51 Conclusions-Explanation
Найденные особенности помогут определить важнейшие топологические характеристики центрального объекта в нашей галактике: обладает ли этот объект свойствами только черной дыры или также имеет характеристики, присущие только кротовым норам или черно-белым дырам.;52 Conclusions-Specific
Данные исследования могут быть использованы для интерпретации результатов интерферометрических наблюдений в оптическом, инфракрасном и радио диапазонах.;52 Conclusions-Specific
26;
При помощи сканирующей туннельной микроскопии проведены исследования динамики вращения молекул C60 в монослойных пленках фуллерена выращенных на поверхности WO2/ W(110).;31 Method-Specific, 32 Method-Procedure, 42 Results-Reference
Вблизи температуры вращательного фазового перехода обнаружено образование кластеров молекул, обладающих большой амплитудой либронных колебаний.;42 Results-Reference
Определены энергетические параметры, определяющие изменение ориентации молекулы: разность энергий между ближайшими минимумами энергии молекул C60 в зависимости от ее ориентации (30 мВ) и высота потенциального барьера между ними (610 мВ).;41 Results-Specific
Результаты обсуждаются в рамках приближения теории среднего поля.;53 Conclusions-Reference
27;
Предлагается модель дисперсионного переноса в неупорядоченных наноструктурированных полупроводниках, учитывающая перколяционную структуру образца и параллельное действие нескольких механизмов.;2 Problem
Совместный учет топологического и энергетического беспорядков проведен на основе модели многократного захвата на гребешковой структуре, моделирующей перколяционный характер траекторий.;42 Results-Reference
Действие параллельных механизмов описано в рамках случайных блужданий со смесью распределений времен ожидания.;42 Results-Reference
Получены интегральные уравнения переноса с производными дробного порядка для произвольной плотности локализованных состояний.;42 Results-Reference
В рамках новой модели рассчитывается кинетика переходного тока с целью анализа время-пролетных экспериментов для наноструктурированных полупроводников.;42 Results-Reference
28;
Для нематических жидких кристаллов (НЖК)  с примесью конформационно активных соединений, находящихся под воздействием светового, низкочастотного электрического и магнитного полей, предложена теория ориентационных переходов, использующая разложение вращающих моментов, действующих на директор НЖК, по углу поворота директора.;42 Results-Reference
Построены фазовые диаграммы состояния НЖК в зависимости от интенсивности и поляризации светового поля, напряженности низкочастотного электрического поля и параметра, характеризующего обратную связь между поворотом директора НЖК и оптическим вращающим моментом.;42 Results-Reference
Определены условия возникновения переходов второго и первого рода.;42 Results-Reference
Предложенная теория согласуется с экспериментом.;52 Conclusions-Specific
29;
Рассмотрена кинетика атомов в трехмерной магнитооптической ловушке (МОЛ).;2 Problem
Для атома с оптическим переходом Jg=0 → Je=1 (Jg,e - полные угловые моменты в основном и возбужденном состояниях) в квазиклассическом приближении построена трехмерная модель МОЛ с учетом влияния относительных фаз световых полей на кинетику атомов.;42 Results-Reference
Показано, что влиянием относительных фаз можно пренебречь только в пределе малых интенсивностей световых полей.;42 Results-Reference
В общем случае выбор относительных фаз может оказывать сильное влияние на кинетику атомов в МОЛ.;53 Conclusions-Reference
30;
Проверяется тождество, которое связывает двухточечные функции Грина \cN=1 СКЭД с Nf ароматами, регуляризованной высшими производными, с помощью явных вычислений в трехпетлевом приближении.;2 Problem
Это тождество объясняет, почему в пределе нулевого внешнего импульса двухточечная функция Грина калибровочного суперполя задается интегралами от двойных полных производных в импульсном пространстве.;51 Conclusions-Explanation
Также оно позволяет вывести β-функцию NSVZ точно во всех петлях, если ренормгрупповые функции определяются в терминах голой константы связи.;51 Conclusions-Explanation
Для проверки рассматриваемого тождества оно используется для построения интегралов, определяющих трехпетлевую β-функцию, на основе двухточечных функций Грина для суперполей материи в двухпетлевом приближении.;2 Problem
Показано, что результаты для этих интегралов совпадают с суммами соответствующих трехпетлевых суперграфов.;42 Results-Reference
31;
Проведена экспериментальная проверка теоретического утверждения, что параметр асимметрии Фано и асимптотическая начальная фаза гармонического осциллятора, взаимодействующего с континуумом, взаимосвязаны.;42 Results-Reference
На примере когерентных полносимметричных A1g-фононов висмута, возбуждаемых сверхкороткими лазерными импульсами при гелиевой температуре, показано, что для отрицательных значений параметра асимметрии с уменьшением модуля параметра асимптотическая фаза возрастает.;32 Method-Procedure, 42 Results-Reference
32;
Представлены результаты экспериментального исследования свойств обладающих магнитоэлектрическим эффектом эпитаксиальных пленок ферритов-гранатов состава ( LuBi)3( FeGa)5 O12, выращенных на подложках с (210)-ориентацией.;32 Method-Procedure, 42 Results-Reference
Получены данные об особенностях наведенной анизотропии и поведении доменной структуры пленок в однородных и неоднородных внешних полях.;42 Results-Reference
Выполнен критический анализ существующих гипотез о природе магнитоэлектрической связи в изучаемых объектах.;42 Results-Reference
33;
Рассмотрено влияние конечной ширины спектральной линии лазерного излучения и спонтанной релаксации уровней на эффективность подавления полевого сдвига центрального резонанса для обобщенной схемы Рамси с импульсами разной длительности и скачком фазы во втором импульсе.;42 Results-Reference
Определены оптимальные условия схемы, соответствующие минимальному сдвигу частоты и максимальной амплитуде резонанса.;42 Results-Reference
34;
Проведено теоретическое исследование зависимости времени спин-пайерлсовского фазового перехода τ от длительности τp возбуждающего светового импульса и среднего числа x0 поглощенных фотонов на магнитный ион после прохождения импульса.;42 Results-Reference
Показано, что фазовый переход происходит при x0c.;41 Results-Specific
Найдена зависимость критического значения xc от длительности τp светового импульса.;42 Results-Reference
Вычислено фотоиндуцированное изменение коэффициента оптического отражения R в зависимости от времени t.;42 Results-Reference
Проведено сравнение с экспериментом  по сверхбыстрому фотоиндуцированному плавлению низкотемпературной спин-пайерлсовской фазы в калий -тетрацианхинодиметан (K-TCNQ).;42 Results-Reference
35;
Развит формализм обменной теории возмущений для случая взаимодействий, явно зависящих от времени.;42 Results-Reference
Поправки к волновой функции, полученные во всех порядках теории возмущений и представленные в инвариантной форме, включают в себя обменные вклады, обусловленные межцентровыми перестановками электронов в сложных многоцентровых системах.;42 Results-Reference, 51 Conclusions-Explanation
Для столкновений атомных систем с произвольным типом взаимодействия получены общие выражения для S- и T-матриц переходов и матрицы рассеяния, в которых последовательно учитываются межцентровые перестановки электронов между перекрывающимися неортогональными состояниями, принадлежащими разным центрам (атомам).;42 Results-Reference
Рассмотрена задача столкновения альфа-частицы с атомом лития с перераспределением электронов между центрами.;42 Results-Reference
Вычислено дифференциальное и полное сечения перезарядки лития.;42 Results-Reference
36;
Изучается взаимодействие поверхностной упругой волны Рэлея с электрон-дырочной плазмой двумерного полуметалла, обусловленное двумя механизмами взаимодействия - деформационного потенциала и пьезоэффекта.;2 Problem
Получены дисперсионные уравнения, описывающие связанные плазмон-акустические моды для обоих типов взаимодействия.;42 Results-Reference
Вычислено затухание рэлеевской волны.;42 Results-Reference
Рассчитано затухание акустической и оптической плазменных мод, обусловленное излучением звука плазменными колебаниями в объем подложки.;42 Results-Reference
Показано, что излучение звука в основном обусловлено акустической плазменной модой в случае деформационного механизма, и оптической - в случае пьезомеханизма.;42 Results-Reference
37;
Представлены результаты экспериментального наблюдения плавления плазменно-пылевого монослоя (двумерный фазовый переход) в газовом разряде низкого давления.;42 Results-Reference
Проведены измерения и выполнен анализ парных и ориентационных корреляционных функций, а также числа топологических дефектов в монослое.;42 Results-Reference
Характер изменения ориентационных корреляционных функций подтверждает существование фазового перехода твердое тело - гексатическая фаза - жидкость, что полностью согласуется с теорией Березинского - Костерлица - Таулесса.;51 Conclusions-Explanation
38;
Вычислен лэмбовский сдвиг (2P1/2-2S1/2) в ионах мюонного гелия (\mu ^3_2{\rm He})^+, (\mu ^4_2{\rm He})^+ с учетом вкладов порядка α3, α4, α5 и α6.;41 Results-Specific
Особое внимание уделено поправкам на поляризацию вакуума, структуру и отдачу ядра.;42 Results-Reference
Полученные численные значения сдвига 1259.8583 мэВ ((\mu ^3_2{\rm He})^+) и 1379.1107 мэВ ((\mu ^4_2{\rm He})^+) могут рассматриваться как надежная оценка при сравнении с экспериментальными данными коллаборации CREMA.;41 Results-Specific
39;
Проведен симметрийный анализ моноклинной, орторомбических и тригональной сверхструктур типа M3 X2, которые могут образовываться в сильно нестехиометрических соединениях MXy со структурой B1.;42 Results-Reference
Определены каналы переходов беспорядок-порядок MXy \rightarrow M3X2.;42 Results-Reference
Показано, что при понижении температуры в нестехиометрических соединениях MXy переходных металлов IV группы возможны две физически допустимые последовательности превращений, связанных с образованием сверхструктур M3 X2.;42 Results-Reference
На примере карбида ванадия VCy показана возможность образования орторомбической или моноклинной сверхструктуры V3 C2 с формированием наноструктуры.;42 Results-Reference
40;
Для моттовских диэлектриков с тетраэдрическим окружением получена зависимость эффективного параметра Хаббарда Ueff от давления.;42 Results-Reference
Эта зависимость не универсальна.;42 Results-Reference
Для кристаллов с d5-конфигурацией спиновый кроссовер подавляет электронные корреляции,  для d4-конфигураций параметр Ueff увеличивается после спинового кроссовера.;52 Conclusions-Specific
Для d2- и d7-конфигураций Ueff растет с повышением давления в высокоспиновом состоянии и насыщается после спинового кроссовера.;52 Conclusions-Specific
Рассмотрены особенности перехода диэлектрик-металл с ростом давления, показана возможность каскадов из нескольких переходов для разных конфигураций.;41 Results-Specific
41;
Анализируется параметрическая распадная неустойчивость электронной циклотронной волны необыкновенной поляризации, в результате развития которой возбуждаются два верхнегибридных плазмона на частотах, близких к половине частоты волны накачки.;2 Problem
Показано, что порог возбуждения неустойчивости двухплазмонного распада может существенно снижаться в условия экспериментов по электронному циклотронному нагреву в тороидальных магнитных ловушках, где профиль плотности плазмы зачастую оказывается немонотонным, что приводит к локализации верхнегибридных волн.;42 Results-Reference
42;
Проведено исследование устойчивости равновесия и нелинейных режимов неоднородно нагретой слабопроводящей жидкости в горизонтальном конденсаторе в поле тяжести и постоянном электрическом поле при униполярной инжекции заряда.;42 Results-Reference
Рассмотрена модель, в которой плотность инжектируемых с катода зарядов пропорциональна напряженности электрического поля в конденсаторе.;42 Results-Reference
Найдены зависимости критических параметров от степени нагрева и инжекции заряда.;42 Results-Reference
Изучено влияние числа Прандтля на границы неустойчивости равновесия и на частоту нейтральных колебаний.;42 Results-Reference
Нелинейные режимы электроконвекции исследованы при нагреве снизу.;42 Results-Reference
43;
Методами ядерного магнитного резонанса исследованы свойства низкотемпературной сверхтекучей фазы 3 He в «нематически упорядоченном» аэрогеле, в котором составляющие его нити практически параллельны друг к другу.;31 Method-Specific, 42 Results-Reference
Такая сильная анизотропия аэрогеля влияет на фазовую диаграмму 3 He и структуру сверхтекучих фаз.;51 Conclusions-Explanation
Развита теоретическая модель B-фазы с полярным искажением.;42 Results-Reference
Показано, что эта модель хорошо описывает наблюдаемые свойства низкотемпературной фазы.;42 Results-Reference
44;
Работа посвящена вычислению импульса локализованных возбуждений, таких как солитоны и вихревые кольца, стационарно движущихся в сверхтекучем газе или жидкости.;2 Problem
Прямое вычисление импульса интегрированием потока массы приводит к плохо сходящемуся интегралу.;1 Background
Предложен способ ренормализации этого интеграла с явным выделением вклада вихревой нити, который оказывается главным в случае вихревых колец большого, по сравнению с корреляционной длиной, размера.;42 Results-Reference
Проведено сравнение с ренормализацией Джонса и Робертса.;42 Results-Reference
Рассмотрены случаи неограниченной среды и газа в цилиндрической ловушке.;42 Results-Reference
Обсуждается вычисление скачка фазы параметра порядка для вихревого кольца в такой ловушке и получена простая оценка этого скачка для вихря большого радиуса.;42 Results-Reference
45;
Проводится теоретическое исследование фотоионизации атомов благородных газов ( Ar, Kr, Xe) ультракороткими электромагнитными импульсами скорректированной гауссовой формы.;2 Problem, 32 Method-Procedure
Вычисления проведены в рамках теории возмущений с помощью простой формулы для полной вероятности фотоионизации атома электромагнитными импульсами.;32 Method-Procedure
Установлены и проанализированы особенности рассматриваемого процесса в различных областях изменения параметров задачи.;42 Results-Reference
46;
Исследовано пространственное распределение мюонов с порогом E_\mu\approx 1.0\cdot\sec\theta ГэВ в широких атмосферных ливнях с E_0\geq10^{17} эВ за период наблюдений на Якутской установке с ноября 2011 г. по июнь 2013 г.;42 Results-Reference
Из него следует, что в области энергий (1-5)\cdot10^{17} эВ глубина максимума Xm каскадной кривой относительно быстро увеличивается по причине изменения состава космических лучей от преобладающих при E_0\approx 10^{17} эВ ядер железа к протонам.;52 Conclusions-Specific
47;
Исследуются оптические свойства наноразмерных двухкомпонентных ферми-систем.;2 Problem
Рассчитаны спектры фотопоглощения в ферми-системах, содержащих не более 102 пар противоположно заряженных частиц.;42 Results-Reference
Основное внимание уделяется роли коллективных плазмонных возбуждений.;32 Method-Procedure
Исследованы зависимости положения плазмонного резонанса от числа и соотношения масс частиц в системе.;42 Results-Reference
48;
В эксперименте по фазовой микроскопии показано, что в приповерхностном слое воды вблизи поверхности полимерной мембраны нафиона коэффициент преломления возрастает примерно в 1.1 раза по сравнению с объемной водой.;41 Results-Specific
Кроме того, этот слой обладает свойством двулучепреломления.;42 Results-Reference
Проведены эксперименты по УФ-облучению сухого (безводного) и набухшего в воде нафиона в геометрии скользящего падения.;42 Results-Reference
В этих экспериментах были изучены спектры вынужденной люминесценции.;42 Results-Reference
Получено, что эти спектры в обоих случаях одинаковы.;42 Results-Reference
При этом для сухого нафиона люминесценция может быть возбуждена только при условии, что зондирующее излучение облучает поверхность полимера.;53 Conclusions-Reference
В то же время люминесценция набухшего нафиона может быть возбуждена и в том случае, если расстояние между оптической осью и поверхностью составляет несколько сотен микрометров.;53 Conclusions-Reference
49;
Рассмотрены флуктуации потерь энергии быстрых заряженных частиц при столкновениях с осциллятором в дипольном приближении.;42 Results-Reference
В этом приближении задача решается точно и находятся флуктуации потерь энергии осциллятора из начального состояния |m\rangle=|0\rangle в виде суммы одномерных интегралов.;42 Results-Reference
Показано, что в классическом предельном переходе можно получить формулы теории Бора для флуктуации, а при скоростях иона, много больших атомных, можно получить аналоги формулы Фано в теории возмущений и формулы Титейка в непертурбативном случае.;42 Results-Reference
50;
Развита теория когерентного рентгеновского излучения релятивистского электрона, пересекающего трехслойную структуру, состоящую из двух аморфных и кристаллического слоев.;42 Results-Reference
В частности, рассматривается случай, когда второй аморфный слой является вакуумным.;2 Problem
Получены и исследованы выражения, описывающие спектрально-угловое распределение когерентного излучения в такой структуре.;42 Results-Reference
51;
Рассматривается движение заряженных частиц высокой энергии (космических лучей) в спиральном магнитном поле Паркера.;2 Problem
Показано, что при радиальной эжекции частиц из сферы, вне которой имеется поле Паркера, все покидающие сферу частицы фокусируются либо вдоль оси симметрии поля, либо в экваториальной плоскости в зависимости от полярности поля.;42 Results-Reference
На основе полученных результатов предлагается возможная модель, объясняющая происхождение релятивистских джетов.;52 Conclusions-Specific
52;
Показано, что асимптотическое поведение корреляционной функции, предсказываемое теорией взаимодействующих мод Гетце, согласуется с экспериментально наблюдаемыми релаксационными процессами и в большинстве случаев может быть описано феноменологическим соотношением Коула - Дэвидсона.;42 Results-Reference
Показано, что высокочастотное поведение релаксационной функции в значительной степени определятся процессами, обусловленными граничной частотой распространения упругих взаимодействий в жидкостях.;42 Results-Reference
Предложена модель, позволяющая в рамках единого подхода описать релаксационные процессы как в нормальных, так и в переохлажденных жидкостях.;42 Results-Reference
53;
Проведено экспериментальное и теоретическое исследование термодинамических свойств монокристалла алюмобората TmAl3( BO3)4.;42 Results-Reference
Теоретическое рассмотрение, основанное на модели кристаллического поля для редкоземельного иона, позволило проинтерпретировать все измеренные свойства.;53 Conclusions-Reference
Определены параметры кристаллического поля.;42 Results-Reference
Описаны температурные (3-300 К) и полевые (до 9 Тл) зависимости намагниченности.;42 Results-Reference
Рассчитанные полевые и температурные зависимости мультипольных моментов иона Tm3+ в TmAl3( BO3)4 позволили описать магнитострикцию и низкотемпературные аномалии теплового расширения.;42 Results-Reference
54;
Сформулирована и реализована идея учета изменения электростатического взаимодействия между узлами кристаллической решетки при замещении атомов вакансиями в приближении когерентного потенциала в расчетном методе, предложенном нами ранее [3].;42 Results-Reference
Изучено изменение электронной структуры фазы монооксида титана Ti5 O5, упорядоченной по типу моноклинной сверхструктуры, в зависимости от степени упорядочения вакансий по различным подрешеткам как титана, так и кислорода.;42 Results-Reference
55;
Методом молекулярной динамики определены области параметров анзаца для задания начальных условий,  приводящих к запуску неподвижных и движущихся дискретных бризеров в моноатомном двумерном кристалле с морзевским межатомным взаимодействием.;31 Method-Specific, 42 Results-Reference
Установлены основные тенденции влияния параметров анзаца на амплитуду и скорость дискретных бризеров.;42 Results-Reference
56;
Построена модель, описывающая динамику распада больших заряженных кластеров, образующихся при взаимодействии короткого лазерного импульса с кластерным пучком.;42 Results-Reference
Показано, что присутствие продуктов распада соседних кластеров и электронного фона за счет ионизации кластеров влияют на динамику развития кластерной плазмы и энергетический спектр плазменных ионов.;42 Results-Reference
Определены параметры формирующейся плазмы в зависимости от параметров кластерного пучка и лазерного импульса.;42 Results-Reference
57;
Предложено описание гравитационного взаимодействия, основанное на предположении об изменении размерности пространства-времени в анизотропных областях галактик.;42 Results-Reference
Анализ кривых вращения 60 галактик показал хорошее соответствие описанию при значениях постоянных гравитации для двумерного и одномерного взаимодействий соответственно (2.7\pm0.4)\cdot10^{-31} м2/кг•с2 и (3.0\pm1.0)\cdot10^{-53} м/кг•с2.;41 Results-Specific
Согласие достигается с помощью всего двух подгоночных параметров.;51 Conclusions-Explanation
Полученные оценки масс галактик насыщаются массой барионного вещества.;32 Method-Procedure
Определен характеристический размер (7.4\pm0.5)\cdot10^{21} м, на котором происходит перестройка пространственной симметрии с эффективным изменением размерности пространства.;41 Results-Specific
Показано, что сила и симметрия взаимодействия связаны с симметрией гравитирующих объектов.;42 Results-Reference
58;
Зафиксированные в экспериментах по сжатию жидкого дейтерия высокие значения сжимаемости, а также значительный разброс экспериментально измеренных плотностей в районе аномальных сжимаемостей объясняются проявлениями необычного фазового перехода диэлектрик-металл: из плотного молекулярного газа в жидкометаллическую атомарную фазу.;51 Conclusions-Explanation
Этот переход ранее был описан авторами и назван диссоциативным фазовым переходом (ДФП).;1 Background
Рассчитаны кривые диссоциативного равновесия, изотермы, бинодаль ДФП и адиабата Гюгонио.;42 Results-Reference
Показано, что ДФП - фазовый переход нового, не ван-дер-ваальсового типа.;42 Results-Reference
59;
Исследовано рассеяние фононов тепловых частот (T=2.3-3.8 K) в образцах монокристалла ZnO и керамике состава 97.5ZnO+0.5Bi2O3+0.5Co3O4 +0.5MnO2+1Sb2O3 (мол. %).;42 Results-Reference
Установлено, что транспортные характеристики фононов тепловых частот в области гелиевых температур определяются наличием ионов Co2+ в кристаллитах ZnO.;42 Results-Reference
Предложена модель транспорта фононов в керамике с учетом электронных состояний кобальта.;42 Results-Reference
Оценена энергия соответствующего уровня \Delta\approx 5 K, обнаружено проявление ферромагнитного эффекта.;42 Results-Reference
60;
Теоретически исследовано дважды дифференциальное сечение неупругого магнитного рассеяния нейтронов на соединении LaCoO3 в парамагнитной фазе.;42 Results-Reference
В рамках эффективного гамильтониана для 5D-терма рассчитаны вклад в рассеяние от высокоспинового состояния иона без магнитного поля и модификация этого вклада при включении магнитного поля.;42 Results-Reference
Проведена оценка амплитуды пика в зависимости сечения рассеяния от энергии рассеянных нейтронов, соответствующего переходу из низкоспинового в среднеспиновое состояние.;42 Results-Reference
61;
Теоретически исследованы особенности терагерцевого излучения, генерируемого при наклонном падении фемтосекундного лазерного импульса на металлическую поверхность.;42 Results-Reference
Предложен механизм генерации черенковского типа, связанный с возбуждением низкочастотных поверхностных токов p-поляризованным оптическим полем.;42 Results-Reference
На основе гидродинамической модели электронного газа аналитически и с помощью численного моделирования определены нелинейные приповерхностные токи и получены соответствующие электродинамические характеристики низкочастотного излучения.;42 Results-Reference
Проведен анализ особенностей черенковской генерации терагерцевого излучения и предложены способы повышения эффективности.;42 Results-Reference
62;
Рассмотрено влияние сильно замагниченной холодной плазмы на комптоноподобный процесс фоторождения нейтрино на электроне \gamma e \to e u \bar u и вычислен его вклад в нейтринную светимость с учетом дисперсионных свойств фотона в среде.;42 Results-Reference
Предложен метод вычисления светимости рассматриваемого процесса через ширину комптоновского поглощения фотона.;42 Results-Reference
На основе изложенной методики показано, что нейтринная светимость за счет реакции \gamma e \to e u \bar u существенно модифицируется по сравнению с имеющимися в литературе результатами.;42 Results-Reference
63;
Рассмотрен ряд вопросов термодинамики электронов в допированном бислое графена.;42 Results-Reference
Получены аналитические выражения для химического потенциала и теплоемкости для предельных случаев низких и высоких температур.;42 Results-Reference
Сделаны оценки коэффициентов Зеебека и Томсона.;42 Results-Reference
С помощью квазиклассического подхода исследованы уровни Ландау.;31 Method-Specific, 42 Results-Reference
Получено выражение для термодинамического потенциала и исследованы осцилляции де Гааза-ван Альфена.;42 Results-Reference
Исследованы осцилляции магнитной энтропии и электронной температуры в магнитном поле - осциллирующий магнитокалорический эффект.;42 Results-Reference
Для всех исследуемых параметров проведены сравнения со случаем монослоя.;42 Results-Reference
64;
Представлены результаты для скорости рекомбинации в ионной плазме, полученные обработкой данных экспериментальных исследований послесвечения газового разряда в среде фтора и гексафторида серы.;42 Results-Reference
Дано теоретическое объяснение замедления скорости рекомбинации плазмы в таких средах по мере повышения степени их кулоновской неидеальности.;42 Results-Reference
Рассмотрен дополнительный фактор подавления рекомбинации - сольватация ионов.;42 Results-Reference
Показано, что в случае плазмы послесвечения разряда в среде фтора процесс рекомбинации носит двухстадийный характер с промежуточным образованием неустойчивых рыхлых ионных пар, образованных ион-молекулярными кластерами.;42 Results-Reference
В среде гексафторида серы процесс образования таких пар не оказывает существенного влияния на скорость рекомбинации.;42 Results-Reference
65;
Теоретически исследована работа усилителя лазерного излучения на парах щелочных металлов с поперечной диодной накачкой.;42 Results-Reference
Работа усилителя описывается довольно сложной системой дифференциальных уравнений, которая в общем случае поддается решению только численными методами.;32 Method-Procedure
Для случая высокой интенсивности усиливаемого излучения получено аналитическое решение, которое позволяет исчерпывающе полно определить любые энергетические характеристики усилителя излучения и найти оптимальные параметры рабочей среды и излучения накачки (температура, давление буферного газа, интенсивность и ширина спектра излучения накачки).;42 Results-Reference
66;
Показано, что при использовании координат Пенлеве - Гуллстранда в их декартовом варианте гамильтониан релятивистской идеальной гидродинамики в окрестности невращающейся черной дыры отличается всего одним простым слагаемым от соответствующего гамильтониана в плоском пространстве-времени.;42 Results-Reference
При этом единым образом описывается также и внутренняя область черной дыры,  поскольку в координатах Пенлеве - Гуллстранда отсутствует сингулярность на горизонте событий.;51 Conclusions-Explanation
Представлено точное решение, описывающее стационарную аккрецию предельно жесткой материи (\varepsilon\propto n^2) на движущуюся черную дыру вплоть до центральной сингулярности.;42 Results-Reference
В приближении локальной индукции выведено уравнение движения тонкой вихревой нити на фоне такого аккреционного потока.;42 Results-Reference
В явном виде вычислен гамильтониан для жидкости с ультрарелятивистским уравнением состояния \varepsilon\propto n^{4/3} и решена задача о центрально-симметричном стационарном течении такой материи.;42 Results-Reference
67;
Рассматривается задача о парообразовании в системе двух несмешивающихся жидкостей при температурах, меньших температуры объемного кипения каждой из компонент, но больших температуры, при которой сумма давлений насыщенных паров компонент равна атмосферному давлению.;2 Problem
В этой ситуации происходит кипение на поверхности прямого контакта двух компонент.;32 Method-Procedure
Построено теоретическое описание кинетики парового слоя на границе контакта и получено решение для идеализированного случая, когда свойства двух жидкостей близки.;42 Results-Reference
Рассмотрены связь решения для  кинетики парового слоя с интегральными характеристиками режима кипения системы и вопрос об остывании системы в отсутствие притока тепла.;42 Results-Reference
68;
Методом диаграммной техники Келдыша для фермиевских и хаббардовских операторов рассмотрен квантовый транспорт электронов через магнитную примесь, находящуюся во внешнем магнитном поле и подверженную влиянию подложки.;31 Method-Specific, 42 Results-Reference
Показано, что в условиях сильной неравновесности, индуцированной процессами многократного отражения электронов на примеси, вольт-амперная характеристика устройства содержит участки с отрицательной проводимостью.;42 Results-Reference
Этим эффектом можно управлять посредством изменения  параметра анизотропии примесного центра, а также параметров связи магнитной примеси с металлическими контактами.;51 Conclusions-Explanation
Включение магнитного поля сопровождается увеличением числа кулоновских ступенек в вольт-амперной характеристике примеси.;41 Results-Specific
При этом возникает эффект значительного магнитосопротивления.;41 Results-Specific
В режиме асимметричной связи магнитной примеси с контактами показана возможность переключения между ее состояниями с различными значениями проекции полного спина.;42 Results-Reference
69;
Приведены результаты измерения квазиизэнтропической сжимаемости плазмы дейтерия и гелия в области давлений 1500-5000 ГПа и плотностей до 8 г/см3 с использованием экспериментальных устройств сферической геометрии и рентгенографического комплекса, состоящего из трех бетатронов и многоканальной оптико-электронной системы регистрации рентгеновских изображений.;42 Results-Reference
Результаты наших исследований показывают возможности экспериментальной физики высоких плотностей энергии в воспроизведении экстремальных состояний вещества, типичных для Вселенной, в лабораторных условиях с использованием энергии традиционных конденсированных взрывчатых веществ.;52 Conclusions-Specific
70;
Предложена комбинированная атака на протокол квантового распределения ключей с дифференциально-фазовым кодированием.;42 Results-Reference
Получены оценки для длины линии связи, до которой гарантируется секретное распределение ключей.;42 Results-Reference
71;
Проведен анализ влияния магнитного поля на свойства массивного нейтрино.;42 Results-Reference
Получено общее выражение для собственно-энергетического оператора нейтрино во внешнем магнитном поле произвольной напряженности.;42 Results-Reference
Данное выражение справедливо при произвольном соотношении между массами нейтрино, заряженного лептона и W-бозона.;51 Conclusions-Explanation
Исследован аномальный магнитный момент стандартного нейтрино.;42 Results-Reference
Вычислена вероятность распада массивного нейтрино на W-бозон и заряженный лептон при различных значениях напряженности магнитного поля.;42 Results-Reference
72;
Исследуется зависимость свойств конечных двухкомпонентных ферми-систем, содержащих два типа противоположно заряженных частиц, от соотношения их масс.;2 Problem
Предложена теоретическая модель на основе квантовомеханического описания системы, содержащей конечное число пар частиц, основанная на приближениях Хартри - Фока и случайных фаз с обменом.;42 Results-Reference
В рамках приближения случайных фаз с обменом также разработан метод, позволяющий исключить из спектра возбужденных состояний движение центра масс системы.;42 Results-Reference
На основе данной модели были вычислены энергии связи и статические дипольные поляризуемости систем, содержащих 8, 20 и 40 пар противоположно заряженных частиц при различных соотношениях их масс.;42 Results-Reference
73;
Исследована намагниченность образцов Ba0.6 K0.4 BiO3 в полях до 90 кЭ в температурном диапазоне от 2 К до 30 К.;42 Results-Reference
Показано, что наблюдаемое увеличение ширины петли намагниченности можно объяснить уменьшением фазовой неоднородности при усилении магнитного поля.;42 Results-Reference
Асимметричные гистерезисные зависимости намагниченности с вторичным пиком были успешно описаны расширенной моделью критического состояния, учитывающей фазовое расслоение в сверхпроводнике.;42 Results-Reference
74;
Исследована электронная структура тория в низко- и высокотемпературной кубических фазах при нормальных условиях и под давлением при помощи зонного метода LDA+U+SO.;42 Results-Reference
Поскольку для корректного описания физических свойств тория и других актиноидных металлов важен учет не только спин-орбитального, но и кулоновского взаимодействия, величины параметров этих взаимодействий были дополнительно вычислены.;51 Conclusions-Explanation
Под давлением происходит уширение электронных 5f-состояний металлического тория со значительным увеличением их заселенности.;41 Results-Specific
75;
Проанализированы волновые режимы конечно-амплитудной электроконвекции в слабопроводящей жидкости, находящейся в модулированном поле горизонтального конденсатора и нагреваемой сверху.;42 Results-Reference
Слабую проводимость жидкости обеспечивают инжектированные с анода заряды и собственные (диссоциировавшие) ионы.;51 Conclusions-Explanation
Построена бифуркационная диаграмма решений.;42 Results-Reference
Кроме режимов модулированных стоячих и бегущих волн, найдены устойчивые волны, меняющие свое направление движения, и волны, фазовая скорость которых меняется хаотически.;42 Results-Reference
76;
Теоретически исследованы спектральные особенности скорости светоиндуцированного дрейфа (СИД) атомов рубидия ({\rm ^{85}Rb} и {\rm ^{87}Rb}) в буферной среде аргона и в бинарных буферных смесях инертных газов {\rm Ne + Ar}, {\rm Ne + Kr}, {\rm Ne + Xe}, {\rm He + Ar}, {\rm He + Kr}, {\rm He + Xe}.;42 Results-Reference
Предсказывается сильная зависимость спектральной формы сигнала СИД атомов Rb в атмосфере Ar от температуры в интервале температур 450 \rm К < T < 800 K.;42 Results-Reference
Показано, что аномальный СИД атомов Rb в бинарных буферных смесях инертных газов можно наблюдать практически при любой (в том числе и при комнатной) температуре в зависимости от долей неона или гелия в этих смесях.;42 Results-Reference
Полученные результаты дают возможность высокоточного тестирования в экспериментах по СИД межатомных потенциалов взаимодействия, использованных для расчетов скорости дрейфа для аномального СИД.;52 Conclusions-Specific
77;
Рассмотрена (2+1)-мерная калибровочная модель Скирма со слагаемым Черна - Саймонса.;42 Results-Reference
Наличие слагаемого Черна - Саймонса приводит к возможности существования в данной модели двумерных скирмионов, несущих магнитный поток, обладающих электрическим зарядом и ненулевым угловым моментом.;51 Conclusions-Explanation
Показано, что модель также допускает существование двумерных скирмионов с ненулевой фазовой частотой вращения.;42 Results-Reference
Нетривиальные топологические свойства модели приводят к тому, что магнитный поток, электрический заряд и угловой момент вращающегося двумерного скирмиона оказываются связанными друг с другом.;51 Conclusions-Explanation
Выполнены аналитические и численные исследования свойств вращающихся двумерных скирмионов.;42 Results-Reference
78;
Исследовано влияние фокусировки фононов на анизотропию и температурные зависимости теплопроводности кремниевых нанопроводов в рамках трехмодовой модели Каллавея.;42 Results-Reference
Показано, что рассчитанные температурные зависимости теплопроводности кремниевых нанопроводов диаметрами более 50 нм в интервале от 20 до 300 К хорошо согласуются с экспериментальными данными.;42 Results-Reference
Определены температуры перехода от граничного рассеяния к объемным механизмам релаксации.;42 Results-Reference
Проанализировано изменение анизотропии теплопроводности нанопроводов с температурой.;42 Results-Reference
Показано, что длины свободного пробега фононов различных поляризаций для кремниевых нанопроводов в режиме граничного рассеяния существенно различаются и в значительной степени определяются эффектом фокусировки фононов.;42 Results-Reference
В направлениях фокусировки они достигают максимальных значений и превосходят длины пробега остальных колебательных мод.;41 Results-Specific
Однако для модели изотропной среды длины пробега фононов  для различных поляризаций совпадают и полностью определяются геометрическими параметрами нанопроводов.;53 Conclusions-Reference
79;
Электронные энергетические спектры апериодических цепочек Тью - Морзе, Рудина - Шапиро и двупериодической цепочки квантовых точек исследованы в приближении сильной связи.;42 Results-Reference
Изучена зависимость спектра от всех параметров «смешанной» модели апериодической цепочки: электронной энергии в квантовых точках и интегралов перекрытия.;42 Results-Reference
Электронная степень локализации в рассматриваемых цепочках получена с помощью анализа обратной степени участия.;32 Method-Procedure, 42 Results-Reference
Рассчитано ее спектральное распределение и зависимость средней по зоне степени локализации от указанных параметров модели.;42 Results-Reference
Показано, что при варьировании параметров возможен переход узлов системы в резонансное состояние, в котором степень локализации электронов уменьшается, а в спектре при этом происходит перекрытие подзон.;42 Results-Reference
80;
Исследуется распространение необыкновенного луча в ячейке с киральным жидким кристаллом при наклонном падении.;2 Problem
Для ячейки с 180-градусной закруткой изучается зависимость от приложенного напряжения минимального угла падения, при котором свет еще не проходит через ячейку.;42 Results-Reference
Путем прямой минимизации свободной энергии рассчитана ориентационная структура жидкого кристалла во внешнем электрическом поле.;32 Method-Procedure, 42 Results-Reference
Это позволило определить траектории лучей и предельные углы рефракции.;51 Conclusions-Explanation
Результаты расчетов согласуются с экспериментом.;42 Results-Reference
Показано, что для совпадения теории с экспериментом существен учет неоднородности электрического поля в киральной системе.;42 Results-Reference
81;
На основе квантовомеханического выражения для ядра интеграла столкновений и дисперсионного потенциала межмолекулярных взаимодействий рассчитаны контуры линий, в которых одновременно учтены столкновения с рассеянием на большие и классические малые углы, а также дифракционное рассеяние молекул.;42 Results-Reference
В результате сопоставления расчетных контуров с контурами в моделях сильных по скоростям столкновений показано, что непринятие в рассмотрение слабых столкновений приводит к заметно более острой форме линий.;52 Conclusions-Specific
В целях количественной обработки спектров проведена параметризация расчетных контуров и получена их алгебраическая аппроксимация.;42 Results-Reference
82;
Исследована возможность моделирования процессов при взрыве сверхновых звезд в лабораторных условиях с помощью мощных лазеров (лабораторная астрофизика).;42 Results-Reference
Проведен анализ результатов наблюдения остатков сверхновой Кассиопея A обсерваторией Чандра.;42 Results-Reference
На основе численных кодов DIANA и NUTCY проведены одномерные и двумерные гидродинамические расчеты, моделирующие динамику процессов разлета остатков сверхновой звезды с массой порядка 5-15 масс Солнца в течение нескольких сотен секунд после момента взрыва, в том числе с учетом начальной несимметрии.;42 Results-Reference
Предложена модель взрыва и разлета остатков, которая иллюстрирует сильные неоднородности распределения вещества вплоть до того, что вещество Fe, Si, S из центра звезды оказывается выброшенным на периферию - «звезда выворачивается наизнанку», что соответствует наблюдениям.;42 Results-Reference
На основании критериев гидродинамического подобия рассмотрены возможные лазерные мишени-имитаторы сверхновых, которые позволят воспроизвести физические процессы, имеющие место при взрыве астрофизического объекта, такие как распространение ударной волны по веществу, развитие гидродинамических неустойчивостей на границах разноплотных оболочек и др.;42 Results-Reference
83;
Рассматривается одномерный фотонный кристалл и падающая на него световая волна, направление которой неколлинеарно градиенту диэлектрической проницаемости кристалла.;2 Problem
"На основе уравнений «связанных мод» получены собственные решения для полей;42 Results-Reference
Анализируется преобразование полей на границах кристалл-воздух и кристалл-металл.;42 Results-Reference
Получено условие резонансного возбуждения поверхностных волн на границе кристалла с металлом и дается оценка эффективности трансформации исходной распространяющейся волны в поверхностную.;42 Results-Reference
84;
Численно исследованы методом Монте-Карло особенности неравновесного критического поведения трехмерной структурно-неупорядоченной модели Изинга.;31 Method-Specific, 42 Results-Reference
На основе анализа двухвременной зависимости автокорреляционных функций и динамической восприимчивости для систем со спиновыми концентрациями p = 0.8, 0.6 были выявлены эффекты старения, характеризующиеся замедлением релаксации системы с ростом времени ожидания, и нарушение флуктуационно-диссипативной теоремы.;42 Results-Reference
Для рассматриваемых систем методом Монте-Карло получены значения универсального предельного флуктуационно-диссипативного отношения.;31 Method-Specific, 42 Results-Reference
Показано, что присутствие дефектов структуры приводит к усилению эффектов старения и увеличению значений предельного флуктуационно-диссипативного отношения.;42 Results-Reference
85;
В одноэлектронном приближении во внешнем магнитном поле рассчитаны квантовые состояния носителей в двумерных двоякопериодических полупроводниковых сверхрешетках n-типа, не обладающих пространственной инверсионной симметрией.;42 Results-Reference
Показано, что спин-орбитальное взаимодействие и спиновое расщепление в магнитном поле могут приводить к возникновению фотогальванического эффекта в двумерном электронном газе без центра инверсии, а также к ненулевой спиновой намагниченности электронного газа в плоскости, перпендикулярной магнитному полю.;42 Results-Reference
86;
Представлена математическая модель состояния свободной поверхности тонкого слоя жидкости (жидкой пленки) в тепломассообменных процессах конденсации и испарения.;42 Results-Reference
Изучено волновое течение жидкой пленки при неоднородности поверхностного натяжения.;42 Results-Reference
В рамках нелинейного параболического уравнения исследовано нелинейное развитие возмущений, принадлежащих непрерывной полосе волновых чисел, на поверхности тонкого слоя жидкости.;42 Results-Reference
Показано, что волновые пакеты, несущая волна которых лежит вблизи гармоники максимального инкремента, самоупорядочиваются, в результате на поверхности жидкой пленки реализуется монохроматическая волна.;42 Results-Reference
При возбуждении волнового пакета в окрестности кривой нейтральной устойчивости проявляется эффект направленного переноса энергии к волнам в окрестности гармоники максимального инкремента.;53 Conclusions-Reference
87;
Рассмотрено излучение Вавилова - Черенкова, возникающее при равномерном движении точечного заряда в вакууме вблизи призматической мишени конечных размеров, обладающей произвольной диэлектрической проницаемостью.;42 Results-Reference
Полученное выражение спектрально-угловой плотности излучения содержит в себе полюс излучения Вавилова - Черенкова, зависящий от угла пролета точечного заряда относительно мишени.;42 Results-Reference
Полученные результаты указывают на то, что в образование излучения Вавилова - Черенкова основной вклад вносят поляризационные токи, возникающие на границе раздела сред.;52 Conclusions-Specific
88;
В рамках суперсимметричной Стандартной модели рассмотрен процесс фотообразования чарджино и W-бозона на нерелятивистских нейтралино.;42 Results-Reference
Показано, что в пределе высоких энергий начального фотона энергия чарджино стремится к постоянному пределу, а его распады приводят к образованию лептонов с энергиями в определенном интервале, ширина которого зависит только от масс чарджино и нейтралино.;42 Results-Reference
Обсуждается важность данного процесса для обнаружения темной материи в наблюдениях космических лучей от ближайших активных галактических ядер и в экспериментах на современных коллайдерах.;42 Results-Reference
89;
Представлены результаты теоретического анализа особенностей флексомагнитоэлектрических эффектов в изотропных центросимметричных нелинейных средах с пространственной дисперсией в неоднородных внешних полях.;42 Results-Reference
Общие теоретические положения применены к случаю заполненного нелинейным диэлектриком конденсатора с металлическими обкладками в виде двух бесконечных цилиндров с конфокальными эллиптическими образующими.;42 Results-Reference
Выполнено обобщение теории на случай изотропного центросимметричного коллинеарного антиферромагнетика в неупорядоченной фазе.;42 Results-Reference
90;
Проанализированы режимы переноса примеси в перколяционных средах с конечной длиной корреляции, обусловленные механизмами адвекции и диффузии.;42 Results-Reference
Показано, что вследствие особенностей структуры перколяционных кластеров (наличия остова и мертвых концов) изменение транспортных характеристик среды от самоподобного типа к статистически однородному происходит в два этапа.;42 Results-Reference
Это, в свою очередь, приводит к появлению новых аномальных режимов переноса в системе.;52 Conclusions-Specific
Рассмотрены случаи квазиизотропной, умеренно и сильно анизотропной сред.;42 Results-Reference
91;
Представлены результаты ЯМР-исследований пленочных структур в системе кобальт-германий в зависимости от толщины кобальтового слоя.;42 Results-Reference
Обнаружено, что существуют две фазы кобальта, одна из них - гранецентрированная кубическая фаза, а другая, предположительно, сплав Co-Ge со слабоферромагнитным порядком.;42 Results-Reference
На границе раздела образуется «мертвый» слой толщиной не более 2 нм.;41 Results-Specific
92;
Изучается проблема возникновения сверхпроводимости в решетке типа алмаза.;2 Problem
Для каждого целочисленного интервала электронных концентраций np обнаружены узкие области концентраций, где имеется максимально возможная температура сверхпроводящего перехода.;42 Results-Reference
Рассмотрение ведется на основе предположения о том, что энергия сильных электрон-электронных корреляций является наибольшим энергетическим параметром.;1 Background
Полученные результаты обнаруживают качественное согласие с экспериментом.;51 Conclusions-Explanation
93;
В связи с проблемами, возникающими при интерпретации результатов численного моделирования процесса магнитного пересоединения в плазме, исследована возможность смены типа разрывного течения при постепенном (непрерывном) изменении условий.;42 Results-Reference
Законы сохранения на поверхности разрыва в магнитной гидродинамике допускают такие переходы, но при этом должны существовать так называемые переходные решения для граничных условий, удовлетворяющие одновременно двум типам разрывов.;51 Conclusions-Explanation
Найден конкретный вид таких решений и на их основе построена обобщенная схема разрешенных переходов.;42 Results-Reference
Получено выражение для скачка внутренней энергии на разрыве.;42 Results-Reference
Рассмотрена зависимость эффективности нагрева плазмы от типа разрыва.;42 Results-Reference
94;
Развита теория переизлучения ультракоротких импульсов электромагнитного поля произвольными многоатомными системами, составленными из изолированных сложных атомов.;42 Results-Reference
Используемая методика позволяет провести точный учет пространственной неоднородности поля ультракороткого импульса и импульсов фотонов в процессах переизлучения.;51 Conclusions-Explanation
Получены угловые распределения спектров переизлучения для произвольного числа атомов в системе.;42 Results-Reference
Показано, что процессы интерференции амплитуд излучения фотона приводят к появлению характерных «дифракционных» максимумов.;42 Results-Reference
В качестве примеров рассмотрены одномерные, двумерные и трехмерные прямоугольные решетки, а также плоские и цилиндрические конструкции в качестве моделей плоских наносистем и нанотрубок.;42 Results-Reference
95;
Рассматривается геометродинамика тонкой, пылевой, электронейтральной оболочки в метрике заряженной черной дыры Рейсснера - Нордстрема.;2 Problem
Для построения гамильтониана тонкой оболочки используется формализм Арновитта - Дезера - Мизнера.;31 Method-Specific
Выводится волновое уравнение.;42 Results-Reference
Показано, что волновое уравнение является разностным однородным уравнением второго порядка.;42 Results-Reference
Найдены точные аналитические решения.;42 Results-Reference
96;
Предложена новая форма полуэмпирического уравнения состояния жидкой фазы изотопов водорода, основанная на предположении, что ее структура состоит из ячеек, одна часть которых содержит молекулы, а другая - атомы водорода.;42 Results-Reference
Определены значения параметров уравнений состояния твердых фаз (молекулярной и атомарной) и жидкой фазы изотопов водорода (протия и дейтерия).;42 Results-Reference
Рассчитаны фазовые диаграммы, ударные адиабаты, изэнтропы, изотермы, электропроводность сжатого водорода.;42 Results-Reference
Проведено сравнение расчета с существующим экспериментом в широкой области давлений, показавшее вполне удовлетворительное совпадение.;42 Results-Reference
97;
Методами магнитного резонанса и растровой электронной микроскопии исследована слоистая структура состава Cu-Cr-S, состоящая из монокристаллических слоев CuCrS2 и внедренных в них тонких пластин фазы CuCr2 S4.;31 Method-Specific, 42 Results-Reference
Определены температура Кюри и намагниченность насыщения шпинельной фазы исследуемых образцов.;42 Results-Reference
Сделана оценка толщины слоев фазы CuCr2 S4.;42 Results-Reference
Установлена зависимость топологии выращиваемых кристаллов от условий синтеза.;42 Results-Reference
Предложена интерпретация аномального поведения интенсивности магнитостатических колебаний.;42 Results-Reference
98;
Предложено преобразование координат, плотности тока и напряженности электрического поля, которое оставляет без изменения уравнения постоянного тока.;42 Results-Reference
Подбором коэффициентов преобразования одну из компонент композита можно сделать изотропной.;32 Method-Procedure
Это позволяет произвести обобщение стандартной теории эффективной среды на случай анизотропного композита с включениями произвольной формы.;51 Conclusions-Explanation
99;
Изучена конвекция коллоидной суспензии, представляющей собой бинарную смесь - среду-носитель с примесью наночастиц, обладающих большим положительным значением термодиффузионного параметра.;42 Results-Reference
Рассмотрение проведено для случая подогрева снизу горизонтальной ячейки и периодических условий на вертикальных границах, соответствующих экспериментальной ситуации кольцевых каналов.;32 Method-Procedure
Для колебательных и монотонных режимов конвекции коллоидной смеси построены бифуркационные диаграммы и получены зависимости от времени максимальной функции тока и функции тока в фиксированной точке ячейки, а также пространственные распределения поля концентрации коллоидной примеси.;42 Results-Reference
Показано, что в некоторой области параметров задачи (чисел Больцмана и Рэлея, характеризующих гравитационное расслоение и интенсивность теплового воздействия) существует устойчивый режим бегущих волн.;42 Results-Reference
100;
Выяснен низкочастотный спектр возможной двумерной сверхтекучести на свободной поверхности квантового кристалла водорода.;42 Results-Reference
В квантово-шероховатом состоянии поверхности должны распространяться кристаллизационные волны с квадратичным спектром.;51 Conclusions-Explanation
В атомно-гладком состоянии спектр линеен.;51 Conclusions-Explanation
Рассмотрены также кристаллизационные волны, распространяющиеся вдоль элементарных ступеней.;42 Results-Reference
